01_data-sources/01_generated/generated
01_data-sources/02_downloaded/01_bahbahani/bahbahani
01_data-sources/02_downloaded/02_barbato/barbato
01_data-sources/02_downloaded/03_upadhyay/upadhyay
01_data-sources/02_downloaded/04_verdugo/verdugo
01_data-sources/02_downloaded/05_ward/ward
01_data-sources/02_downloaded/06_widde/widde
01_data-sources/02_downloaded/07_wragg/wragg